split	video_id	url
test	01397	http://www.aslpro.com/main/a/africa_2.swf
test	03004	https://www.handspeak.com/word/a/apple.mp4
test	05735	https://www.handspeak.com/word/b/before-long.mp4
test	06370	http://www.aslpro.com/main/b/birthday.swf
test	07072	https://www.handspeak.com/word/b/book.mp4
test	07092	http://www.aslpro.com/main/b/book_medicine.swf
test	07093	http://www.aslpro.com/main/b/book_music.swf
test	07095	http://www.aslpro.com/main/b/book_science.swf
test	08436	http://www.aslpro.com/main/b/but.swf
test	08947	https://www.youtube.com/watch?v=AkAg7GO240c
test	09867	http://www.aslpro.com//main/c/chair_wood.swf
test	10156	https://www.handspeak.com/word/c/cheat-us.mp4
test	11318	http://www.aslpro.com//main/c/clothes_designer.swf
test	12332	https://www.youtube.com/watch?v=lVo6MByRMHY
test	12336	https://www.youtube.com/watch?v=-wmqgdmwySo
test	14626	https://www.handspeak.com/word/d/dance.mp4
test	17024	http://www.aslpro.com/main/d/doctor_1.swf
test	17716	https://www.handspeak.com/word/d/drink-british.mp4
test	17718	https://www.handspeak.com/word/d/drink-mug.mp4
test	18326	https://www.handspeak.com/word/e/eat-iclpop.mp4
test	19262	https://www.handspeak.com/word/e/enjoy2.mp4
test	20991	http://www.aslpro.com/main/f/family.swf
test	32166	http://www.aslpro.com/main/l/language.swf
test	32329	https://www.handspeak.com/word/l/later.mp4
test	38531	https://www.handspeak.com/word/n/no.mp4
test	39005	http://www.aslpro.com/main/n/now.swf
test	42842	http://www.aslpro.com/main/p/pink.swf
test	49179	https://www.handspeak.com/word/s/same-also.mp4
test	49180	https://www.handspeak.com/word/s/same-as.mp4
test	51077	http://www.aslpro.com/main/s/shirt.swf
test	51234	http://www.aslpro.com/main/s/short.swf
test	57637	https://www.handspeak.com/word/t/thanksgiving-us.mp4
test	57646	http://www.aslpro.com/main/t/thanksgiving.swf
test	57944	https://www.handspeak.com/word/t/thin2.mp4
test	62166	https://www.handspeak.com/word/w/walk.mp4
test	63233	https://www.handspeak.com/word/w/who.mp4
test	67177	https://youtu.be/rhpYRl3kHQU
test	67275	https://youtu.be/XtP6_KGsQwE
test	67278	https://youtu.be/qk-or6jz0Hk
test	67519	https://youtu.be/u1xoXux2NaE
test	67530	https://youtu.be/lPM0S5NBl_0
test	67535	https://youtu.be/mBNbzPNTVqk
test	67578	https://youtu.be/-9AsKTaXwH8
test	67579	https://youtu.be/sSpld6bXlM0
test	67715	https://youtu.be/QfVrSA3yrSc
test	67722	https://youtu.be/aciHfU1IrCc
test	67829	https://youtu.be/s3wDKw4Y4w0
test	67908	https://youtu.be/MEhxsAx_n6A
test	67949	https://youtu.be/F4cpgfDA0ds
test	68320	https://www.youtube.com/watch?v=9YdNdSUawfc
test	68336	https://www.youtube.com/watch?v=Aq6l7fEWRVM
test	68364	https://www.youtube.com/watch?v=bzeoojCEbX0
test	68446	https://www.youtube.com/watch?v=f85vUmJJP8I
test	68636	https://www.youtube.com/watch?v=Kw9nFq7HD4Y
test	68720	https://www.youtube.com/watch?v=My4w56H6qwk
test	68810	https://www.youtube.com/watch?v=pupBwmtznhI
train	00630	https://www.handspeak.com/word/a/accident.mp4
train	00636	http://www.aslpro.com//main/a/accident_1car.swf
train	00638	http://www.aslpro.com/main/a/accident_3.swf
train	01390	https://www.handspeak.com/word/a/africa.mp4
train	01396	http://www.aslpro.com/main/a/africa_1.swf
train	01989	https://www.handspeak.com/word/a/all.mp4
train	01990	https://www.handspeak.com/word/a/all-you.mp4
train	01998	https://www.youtube.com/watch?v=iERRGfH_giQ
train	02002	http://www.aslpro.com/main/a/all.swf
train	03007	http://www.aslpro.com/main/a/apple.swf
train	05237	https://www.handspeak.com/word/b/basketball.mp4
train	05635	https://www.handspeak.com/word/b/bed.mp4
train	05642	https://www.youtube.com/watch?v=zsInxFbekV8
train	05748	http://www.aslpro.com/main/b/before.swf
train	06336	https://www.handspeak.com/word/b/bird.mp4
train	06339	https://www.youtube.com/watch?v=BC2ahgTLYbk
train	06342	http://www.aslpro.com/main/b/bird.swf
train	06361	https://www.handspeak.com/word/b/birthday2.mp4
train	06475	https://www.handspeak.com/word/b/black.mp4
train	06484	https://www.youtube.com/watch?v=TLoZKdMeA8w
train	06485	http://www.aslpro.com/main/b/black.swf
train	06836	https://www.handspeak.com/word/b/blue-deep.mp4
train	06837	https://www.handspeak.com/word/b/blue-light.mp4
train	06838	https://www.handspeak.com/word/b/blue.mp4
train	06844	http://www.aslpro.com/main/b/blue.swf
train	07071	https://www.handspeak.com/word/b/book2.mp4
train	07073	https://www.handspeak.com/word/b/books-pile.mp4
train	07077	http://www.aslpro.com/main/b/book_accounting.swf
train	07078	http://www.aslpro.com/main/b/book_algebra.swf
train	07079	http://www.aslpro.com/main/b/book_anatomy.swf
train	07080	http://www.aslpro.com/main/b/book_art_history.swf
train	07081	http://www.aslpro.com/main/b/book_art.swf
train	07082	http://www.aslpro.com/main/b/book_business.swf
train	07084	http://www.aslpro.com/main/b/book_coloring.swf
train	07085	http://www.aslpro.com/main/b/book_english_grammar.swf
train	07086	http://www.aslpro.com/main/b/book_geography.swf
train	07087	http://www.aslpro.com/main/b/book_geometry.swf
train	07088	http://www.aslpro.com/main/b/book_history.swf
train	07089	http://www.aslpro.com/main/b/book_law.swf
train	07090	http://www.aslpro.com/main/b/book_literature.swf
train	07091	http://www.aslpro.com/main/b/book_math.swf
train	07097	http://www.aslpro.com/main/b/book.swf
train	07395	https://www.handspeak.com/word/b/bowling2.mp4
train	07396	https://www.handspeak.com/word/b/bowling-game.mp4
train	07969	https://www.youtube.com/watch?v=kpngPVmD_6Q
train	07972	http://www.aslpro.com/main/b/brown.swf
train	08427	https://www.handspeak.com/word/b/but-fs.mp4
train	08428	https://www.handspeak.com/word/b/but.mp4
train	08923	https://www.handspeak.com/word/c/candy-usa.mp4
train	08928	http://www.aslpro.com/main/c/candy.swf
train	08939	https://www.handspeak.com/word/c/can.mp4
train	08949	https://www.youtube.com/watch?v=FH3mTCczlsc
train	08950	https://www.youtube.com/watch?v=_jv2aC-37vQ
train	08951	https://www.youtube.com/watch?v=trqyl20lEno
train	08952	https://www.youtube.com/watch?v=-VJGz9f7DMY
train	08953	http://www.aslpro.com/main/c/can.swf
train	09853	https://www.handspeak.com/word/c/chair.mp4
train	09856	https://www.youtube.com/watch?v=dXz1i9gTR4w
train	09857	http://www.aslpro.com//main/c/chair_director.swf
train	09858	http://www.aslpro.com//main/c/chair_folding.swf
train	09859	http://www.aslpro.com//main/c/chair_lawn_folding.swf
train	09860	http://www.aslpro.com//main/c/chair_lawn.swf
train	09861	http://www.aslpro.com//main/c/chair_loveseat.swf
train	09863	http://www.aslpro.com//main/c/chair_rocking_1.swf
train	09865	http://www.aslpro.com//main/c/chair_stacking.swf
train	09866	http://www.aslpro.com/main/c/chair.swf
train	09961	https://www.handspeak.com/word/c/change2.mp4
train	09962	https://www.handspeak.com/word/c/change.mp4
train	09969	http://www.aslpro.com/main/c/change.swf
train	10162	http://www.aslpro.com/main/c/cheat_1.swf
train	10164	http://www.aslpro.com/main/c/cheat_3.swf
train	10896	https://www.handspeak.com/word/c/city.mp4
train	10903	http://www.aslpro.com/main/c/city.swf
train	11312	https://www.handspeak.com/word/c/clothes.mp4
train	11317	http://www.aslpro.com//main/c/clothes_boys.swf
train	11320	http://www.aslpro.com//main/c/clothes_girls.swf
train	11321	http://www.aslpro.com//main/c/clothes_irregular.swf
train	11322	http://www.aslpro.com//main/c/clothes_mens.swf
train	11323	http://www.aslpro.com//main/c/clothes_petite.swf
train	11324	http://www.aslpro.com//main/c/clothes_plus_size.swf
train	11326	http://www.aslpro.com//main/c/clothes_summer.swf
train	11327	http://www.aslpro.com//main/c/clothes.swf
train	11328	http://www.aslpro.com//main/c/clothes_winter.swf
train	11329	http://www.aslpro.com//main/c/clothes_womens.swf
train	11771	https://www.handspeak.com/word/c/color.mp4
train	11779	http://www.aslpro.com/main/c/color.swf
train	12321	https://www.handspeak.com/word/c/computer-arm2.mp4
train	12322	https://www.handspeak.com/word/c/computer-arm.mp4
train	12323	https://www.handspeak.com/word/c/computer-head.mp4
train	12324	https://www.handspeak.com/word/c/computer-old2.mp4
train	12337	http://www.aslpro.com/main/c/computer.swf
train	13166	http://www.aslpro.com/main/c/cook.swf
train	13205	https://www.handspeak.com/word/c/cool-neat2.mp4
train	13206	https://www.handspeak.com/word/c/cool-neat.mp4
train	13330	https://www.handspeak.com/word/c/corn2.mp4
train	13331	https://www.handspeak.com/word/c/corn.mp4
train	13637	https://www.handspeak.com/word/c/cousin-female.mp4
train	13638	https://www.handspeak.com/word/c/cousin-male.mp4
train	13644	http://www.aslpro.com/main/c/cousin_female.swf
train	13645	http://www.aslpro.com/main/c/cousin_male.swf
train	13700	https://www.handspeak.com/word/c/cow2.mp4
train	13701	https://www.handspeak.com/word/c/cow.mp4
train	13706	https://www.youtube.com/watch?v=-IWU7gZ-gAQ
train	13709	http://www.aslpro.com/main/c/cow.swf
train	14629	https://www.youtube.com/watch?v=g67ZXnEx9Z4
train	14677	https://www.handspeak.com/word/d/dark-color2.mp4
train	14678	https://www.handspeak.com/word/d/dark-color.mp4
train	14679	https://www.handspeak.com/word/d/dark.mp4
train	14684	http://www.aslpro.com/main/d/dark.swf
train	14889	https://www.handspeak.com/word/d/deaf2.mp4
train	14895	https://www.youtube.com/watch?v=5Dr7V1fbTFU
train	14900	https://www.youtube.com/watch?v=YsLUNOu9jXU
train	15036	https://www.handspeak.com/word/d/decide.mp4
train	15042	http://www.aslpro.com/main/d/decide.swf
train	17018	https://www.handspeak.com/word/d/doctor.mp4
train	17025	http://www.aslpro.com/main/d/doctor_2.swf
train	17088	https://www.handspeak.com/word/d/dog-fs.mp4
train	17092	https://www.youtube.com/watch?v=catBjk1p2bk
train	17714	https://www.handspeak.com/word/d/drink2.mp4
train	17715	https://www.handspeak.com/word/d/drink-alcohol.mp4
train	17717	https://www.handspeak.com/word/d/drink.mp4
train	17719	https://www.handspeak.com/word/d/drink-plu.mp4
train	17726	https://www.youtube.com/watch?v=6gU3Ln98sWA
train	17727	https://www.youtube.com/watch?v=Ddd2ZZNFhVI
train	17732	http://www.aslpro.com/main/d/drink.swf
train	18328	https://www.handspeak.com/word/e/eat.mp4
train	18333	https://www.youtube.com/watch?v=rbnYbQyFvK4
train	18334	http://www.aslpro.com/main/e/eat.swf
train	19263	https://www.handspeak.com/word/e/enjoy.mp4
train	19265	https://www.youtube.com/watch?v=DAotz9r5g_o
train	19268	http://www.aslpro.com/main/e/enjoy.swf
train	20984	https://www.handspeak.com/word/f/family-isl.mp4
train	20985	https://www.handspeak.com/word/f/family.mp4
train	21875	https://www.handspeak.com/word/f/fine-charge.mp4
train	21876	https://www.handspeak.com/word/f/fine-good2.mp4
train	21888	http://www.aslpro.com/main/f/fine.swf
train	21889	http://www.aslpro.com//main/f/fine_ticket.swf
train	21956	http://www.aslpro.com/main/f/finish.swf
train	22118	https://www.handspeak.com/word/f/fish2.mp4
train	22119	https://www.handspeak.com/word/f/fish.mp4
train	22124	https://www.youtube.com/watch?v=22cYLTT67sc
train	22129	http://www.aslpro.com/main/f/fish.swf
train	22956	https://www.handspeak.com/word/f/forget-blank.mp4
train	22959	https://www.handspeak.com/word/f/forget.mp4
train	22966	http://www.aslpro.com/main/f/forget.swf
train	23772	https://www.handspeak.com/word/f/full-eat.mp4
train	23773	https://www.handspeak.com/word/f/full.mp4
train	23780	http://www.aslpro.com/main/f/full.swf
train	24643	https://www.handspeak.com/word/g/give-hir-from-me.mp4
train	24645	https://www.handspeak.com/word/g/give-you.mp4
train	24656	https://www.youtube.com/watch?v=qMgcmGOiNmw
train	24659	http://www.aslpro.com/main/g/give.swf
train	24950	https://www.handspeak.com/word/g/go-to2.mp4
train	24951	https://www.handspeak.com/word/g/go-to.mp4
train	24965	https://www.youtube.com/watch?v=jknOnIhAbNo
train	24971	https://www.youtube.com/watch?v=ZyL9f_qoGug
train	24972	http://www.aslpro.com/main/g/go.swf
train	25327	https://www.handspeak.com/word/g/graduate.mp4
train	25328	https://www.handspeak.com/word/g/graduate-person.mp4
train	25337	http://www.aslpro.com/main/g/graduate_person.swf
train	25338	http://www.aslpro.com/main/g/graduate_verb.swf
train	26716	https://www.handspeak.com/word/h/hat.mp4
train	26722	https://www.youtube.com/watch?v=40-GTK0E2k4
train	26726	https://www.youtube.com/watch?v=QhYtXRY5ULQ
train	26736	http://www.aslpro.com/main/h/hat.swf
train	26977	https://www.handspeak.com/word/h/hearing-but.mp4
train	26978	https://www.handspeak.com/word/h/hearing.mp4
train	26981	https://www.youtube.com/watch?v=AoyNI1BJmOE
train	27210	https://www.handspeak.com/word/h/help2.mp4
train	27211	https://www.handspeak.com/word/h/help-me.mp4
train	27212	https://www.handspeak.com/word/h/help.mp4
train	27218	https://www.youtube.com/watch?v=l31UXgChCS4
train	28113	https://www.handspeak.com/word/h/hot2.mp4
train	28114	https://www.handspeak.com/word/h/hot.mp4
train	28123	https://www.youtube.com/watch?v=Ob3drndU_yM
train	28124	http://www.aslpro.com/main/h/hot.swf
train	28207	https://www.handspeak.com/word/h/how2.mp4
train	28208	https://www.handspeak.com/word/h/how.mp4
train	28213	http://www.aslpro.com/main/h/how.swf
train	30837	https://www.handspeak.com/word/j/jacket.mp4
train	30838	https://www.handspeak.com/word/j/jacket-thin.mp4
train	30842	https://www.youtube.com/watch?v=dqRCKjpXV4Q
train	30847	http://www.aslpro.com//main/j/jacket_smoking.swf
train	30848	http://www.aslpro.com/main/j/jacket.swf
train	31754	https://www.handspeak.com/word/k/kiss.mp4
train	31763	https://www.youtube.com/watch?v=SbvomlBCAe8
train	31764	https://www.youtube.com/watch?v=tp7A4b_dO0k
train	31766	http://www.aslpro.com/main/k/kiss.swf
train	32161	https://www.handspeak.com/word/l/language2.mp4
train	32162	https://www.handspeak.com/word/l/language.mp4
train	32165	https://www.youtube.com/watch?v=y3ZYWbCLnGU
train	32251	https://www.handspeak.com/word/l/last-final.mp4
train	32252	https://www.handspeak.com/word/l/last-past.mp4
train	32259	http://www.aslpro.com/main/l/last.swf
train	32327	https://www.handspeak.com/word/l/later2.mp4
train	32328	https://www.handspeak.com/word/l/later-inf.mp4
train	32336	http://www.aslpro.com/main/l/later.swf
train	32951	https://www.handspeak.com/word/l/letter.mp4
train	32957	http://www.aslpro.com/main/l/letter.swf
train	33283	https://www.youtube.com/watch?v=xKY35YaWuLE
train	33284	http://www.aslpro.com/main/l/like.swf
train	34739	https://www.handspeak.com/word/m/man2.mp4
train	34741	https://www.handspeak.com/word/m/man.mp4
train	34745	http://www.aslpro.com/main/m/man.swf
train	34829	https://www.handspeak.com/word/m/many.mp4
train	34833	https://www.youtube.com/watch?v=3B2kbN-ai6Y
train	34837	https://www.youtube.com/watch?v=MHJPgvs2kP8
train	34838	http://www.aslpro.com/main/m/many.swf
train	35462	https://www.youtube.com/watch?v=rdtLwk9PeEU
train	35463	https://www.youtube.com/watch?v=vAVSxCCr9jk
train	35464	http://www.aslpro.com/main/l/liquid_medicine.swf
train	35465	http://www.aslpro.com/main/m/medicine.swf
train	35514	https://www.handspeak.com/word/m/meet-me.mp4
train	35515	https://www.handspeak.com/word/m/meet.mp4
train	35522	http://www.aslpro.com/main/m/meet.swf
train	37885	https://www.handspeak.com/word/n/need.mp4
train	37892	https://www.youtube.com/watch?v=rul1iWBt3Jg
train	37893	http://www.aslpro.com/main/n/need.swf
train	38536	https://www.youtube.com/watch?v=lgNwgl10VSg
train	38542	http://www.aslpro.com/main/n/no.swf
train	38996	https://www.handspeak.com/word/n/now.mp4
train	40120	https://www.handspeak.com/word/o/orange.mp4
train	40124	https://www.youtube.com/watch?v=juHCHcRrGew
train	40128	http://www.aslpro.com/main/o/orange.swf
train	40838	https://www.handspeak.com/word/p/paint-art.mp4
train	40839	https://www.handspeak.com/word/p/paint-wall.mp4
train	40844	https://www.youtube.com/watch?v=NGNoEmYEpCQ
train	40846	http://www.aslpro.com/main/p/paint.swf
train	41036	http://www.aslpro.com/main/p/paper.swf
train	42835	https://www.handspeak.com/word/p/pink.mp4
train	42963	https://www.handspeak.com/word/p/pizza-eat.mp4
train	42964	https://www.handspeak.com/word/p/pizza-fs.mp4
train	43172	https://www.handspeak.com/word/p/play.mp4
train	43177	http://www.aslpro.com/main/p/play_fun.swf
train	45266	https://www.handspeak.com/word/p/pull.mp4
train	45272	http://www.aslpro.com/main/p/pull.swf
train	45437	https://www.handspeak.com/word/p/purple.mp4
train	45442	http://www.aslpro.com/main/p/purple.swf
train	48111	https://www.handspeak.com/word/r/right-correct2.mp4
train	48122	http://www.aslpro.com/main/r/right_correct.swf
train	49601	https://www.handspeak.com/word/s/school.mp4
train	49604	http://www.aslpro.com/main/s/school.swf
train	49605	http://www.aslpro.com/main/s/school_walking_to.swf
train	50042	https://www.handspeak.com/word/s/secretary2.mp4
train	50043	https://www.handspeak.com/word/s/secretary.mp4
train	51070	https://www.youtube.com/watch?v=8dyicrBmgKE
train	51228	https://www.handspeak.com/word/s/short-duration.mp4
train	51229	https://www.handspeak.com/word/s/short-height.mp4
train	53272	https://www.handspeak.com/word/s/son.mp4
train	53278	http://www.aslpro.com/main/s/son.swf
train	55367	https://www.handspeak.com/word/s/study.mp4
train	55374	http://www.aslpro.com/main/s/study.swf
train	56560	https://www.handspeak.com/word/t/table.mp4
train	56564	https://www.youtube.com/watch?v=DB5oSxy6rrc
train	56568	http://www.aslpro.com//main/t/table_coffee.swf
train	56569	http://www.aslpro.com//main/t/table_decorative.swf
train	56571	http://www.aslpro.com//main/t/table_folding.swf
train	56573	http://www.aslpro.com//main/t/table_place_setting.swf
train	56574	http://www.aslpro.com//main/t/table_stacking.swf
train	56576	http://www.aslpro.com//main/t/table_umbrella_and_chairs.swf
train	56577	http://www.aslpro.com//main/t/table_umbrella.swf
train	56851	http://www.aslpro.com/main/t/tall.swf
train	57279	https://www.handspeak.com/word/t/tell-me.mp4
train	57280	https://www.handspeak.com/word/t/tell.mp4
train	57281	https://www.handspeak.com/word/t/tell-them.mp4
train	57636	https://www.handspeak.com/word/t/thanksgiving-ca.mp4
train	57952	http://www.aslpro.com/main/t/thin.swf
train	58364	https://www.handspeak.com/word/t/thursday.mp4
train	58369	http://www.aslpro.com/main/t/thursday.swf
train	58500	https://www.handspeak.com/word/t/time2.mp4
train	58501	https://www.handspeak.com/word/t/time-q.mp4
train	58505	http://www.aslpro.com/main/t/time_fall_back.swf
train	58506	http://www.aslpro.com/main/t/time_spring_forward.swf
train	62165	https://www.handspeak.com/word/w/walk2.mp4
train	62172	https://www.youtube.com/watch?v=U32Kznk2a70
train	62174	http://www.aslpro.com/main/w/walk.swf
train	62249	https://www.handspeak.com/word/w/want.mp4
train	62256	https://www.youtube.com/watch?v=fBVbr5ci0EQ
train	62257	https://www.youtube.com/watch?v=nI-XX3BtUlQ
train	62258	http://www.aslpro.com/main/w/want.swf
train	62971	https://www.handspeak.com/word/w/what2.mp4
train	62973	https://www.handspeak.com/word/w/what.mp4
train	62982	https://www.youtube.com/watch?v=M1gXuGSWqVI
train	62986	http://www.aslpro.com/main/w/what.swf
train	63206	https://www.handspeak.com/word/w/white.mp4
train	63209	https://www.youtube.com/watch?v=0FYsztUQnUM
train	63238	https://www.youtube.com/watch?v=dnDu1DxXWo4
train	63241	http://www.aslpro.com/main/w/who.swf
train	63670	https://www.handspeak.com/word/w/woman2.mp4
train	63671	https://www.handspeak.com/word/w/woman.mp4
train	63678	http://www.aslpro.com/main/w/woman.swf
train	63794	https://www.handspeak.com/word/w/work.mp4
train	63802	https://www.youtube.com/watch?v=dsZQRTrQjiE
train	63804	https://www.youtube.com/watch?v=pDRfD3bNsEo
train	63805	http://www.aslpro.com/main/w/work.swf
train	64089	https://www.handspeak.com/word/w/wrong.mp4
train	64096	http://www.aslpro.com/main/w/wrong.swf
train	64215	https://www.handspeak.com/word/y/year-inf.mp4
train	64217	https://www.handspeak.com/word/y/years.mp4
train	64223	http://www.aslpro.com/main/y/year.swf
train	64289	https://www.handspeak.com/word/y/yes-fs.mp4
train	64290	https://www.handspeak.com/word/y/yes.mp4
train	64299	http://www.aslpro.com/main/y/yes.swf
train	65332	https://aslsignbank.haskins.yale.edu/dictionary/protected_media/glossvideo/CH/CHANGE-2371.mp4
train	66780	https://aslsignbank.haskins.yale.edu/dictionary/protected_media/glossvideo/WH/WHO-2283.mp4
train	67003	https://youtu.be/FwfWrRxzSxw
train	67009	https://youtu.be/Dl5AFJH040s
train	67012	https://youtu.be/21Naa_OgS4A
train	67036	https://youtu.be/hhgODkjRmcg
train	67038	https://youtu.be/Xl2VNuFGexI
train	67057	https://youtu.be/sbODkAcZ5Mw
train	67058	https://youtu.be/XO9Lq5Gyuaw
train	67066	https://youtu.be/gDkZ2Zn3Sjg
train	67078	https://youtu.be/2GhoeP8Gcyk
train	67081	https://youtu.be/vz9KBYTBL4o
train	67111	https://youtu.be/nsRQOdkyTP8
train	67114	https://youtu.be/54csIWbS-Gc
train	67142	https://youtu.be/bmc1BJWo_Pw
train	67143	https://youtu.be/0AbAh8gsQZg
train	67159	https://youtu.be/BZxoTuwBHvA
train	67161	https://youtu.be/sR_PzooQLx4
train	67188	https://youtu.be/lSqfurbjfDc
train	67227	https://youtu.be/rbEp5hFQljM
train	67279	https://youtu.be/sT8fYiXBtZE
train	67287	https://youtu.be/giIzGcYftow
train	67292	https://youtu.be/3PcHDlj9WEc
train	67299	https://youtu.be/LCJYxgYwsVE
train	67306	https://youtu.be/3HztBiJlikY
train	67309	https://youtu.be/tXhJplJXFmo
train	67350	https://youtu.be/niBJ6C9Rs_8
train	67356	https://youtu.be/-lxp0xh1smo
train	67367	https://youtu.be/jVqjCsYCoMM
train	67392	https://youtu.be/CsqxlMUHwyg
train	67411	https://youtu.be/pq-48yqB8kM
train	67413	https://youtu.be/Kn_IKf8zC1w
train	67414	https://youtu.be/kCT-we5dguI
train	67424	https://youtu.be/3-GrhsVs830
train	67431	https://youtu.be/GZ_G19YmWO8
train	67446	https://youtu.be/v0PgAPiUeHk
train	67451	https://youtu.be/A1nZLK4Qodw
train	67470	https://youtu.be/xK2QEO7Xld4
train	67489	https://youtu.be/lmWVuurMMOc
train	67501	https://youtu.be/DV17xsFO5Jg
train	67527	https://youtu.be/lvwn7OAGJWk
train	67531	https://youtu.be/0C7Gfubq690
train	67536	https://youtu.be/VO9nCXjgMW4
train	67555	https://youtu.be/0F7ugTN-VX8
train	67556	https://youtu.be/AFkia1eR0_E
train	67594	https://youtu.be/yawcLQIhQiE
train	67610	https://youtu.be/FSxHpeiCuBc
train	67624	https://youtu.be/OL02Odh2dRg
train	67659	https://youtu.be/lTp1ICCGCxA
train	67660	https://youtu.be/2RLybfKx4Js
train	67663	https://youtu.be/_1MKB3Avehs
train	67697	https://youtu.be/vMLkIHIe_fA
train	67757	https://youtu.be/OWXmFhatan8
train	67776	https://youtu.be/X9k65VXITzY
train	67802	https://youtu.be/rSdZfzJZZh8
train	67817	https://youtu.be/xUtx5xCoVXI
train	67840	https://youtu.be/cIC4tYLHaME
train	67873	https://youtu.be/eTmzHLtBOnU
train	67890	https://youtu.be/AUEQVbV588c
train	67925	https://youtu.be/JPvbOOrG-gU
train	67934	https://youtu.be/jGsh6zd3eUQ
train	67937	https://youtu.be/hIPRC-_00vs
train	67958	https://youtu.be/2x5hblbX1Ho
train	67961	https://youtu.be/f_l5OkjlEpw
train	67990	https://youtu.be/9bkVAOz1ips
train	68202	https://www.youtube.com/watch?v=13NxXYPYpb0
train	68208	https://www.youtube.com/watch?v=1QOYOZ3g-aY
train	68218	https://www.youtube.com/watch?v=2EAilZspev4
train	68274	https://www.youtube.com/watch?v=6I9PNDl8A_U
train	68288	https://www.youtube.com/watch?v=75FwzqQqyM0
train	68292	https://www.youtube.com/watch?v=7IkKMzvSsFM
train	68294	https://www.youtube.com/watch?v=7Mhil9I1Ocs
train	68330	https://www.youtube.com/watch?v=AK26EQRsH7k
train	68338	https://www.youtube.com/watch?v=aSvUHxoby4U
train	68350	https://www.youtube.com/watch?v=ba87IfnWL9s
train	68368	https://www.youtube.com/watch?v=c17A0edBIaA
train	68374	https://www.youtube.com/watch?v=cEbPqZiaAqQ
train	68396	https://www.youtube.com/watch?v=Cw7DfeqaQu0
train	68510	https://www.youtube.com/watch?v=g-w38Q0QrWE
train	68520	https://www.youtube.com/watch?v=HAqSIA2GG3g
train	68528	https://www.youtube.com/watch?v=HNp5UcfuRSI
train	68540	https://www.youtube.com/watch?v=I0v6P6HEGCA
train	68544	https://www.youtube.com/watch?v=ieLzL1Sl6SU
train	68576	https://www.youtube.com/watch?v=iVgjg202V6M
train	68580	https://www.youtube.com/watch?v=j2hvnGiBrRI
train	68586	https://www.youtube.com/watch?v=J9hiREjgVe0
train	68592	https://www.youtube.com/watch?v=jC6sHiZBEyI
train	68612	https://www.youtube.com/watch?v=JxtYMfvnp58
train	68622	https://www.youtube.com/watch?v=kddq0oAgBS0
train	68624	https://www.youtube.com/watch?v=kePJ_Y5KPmM
train	68632	https://www.youtube.com/watch?v=kMcaG9BjXXg
train	68660	https://www.youtube.com/watch?v=Lk2Vws8homw
train	68674	https://www.youtube.com/watch?v=luSKhV7GMUo
train	68688	https://www.youtube.com/watch?v=Mh3UZ1UsXzw
train	68692	https://www.youtube.com/watch?v=mK0OtDTC5To
train	68694	https://www.youtube.com/watch?v=mKDG2tGn1Y8
train	68726	https://www.youtube.com/watch?v=nBhhhS7HXIo
train	68770	https://www.youtube.com/watch?v=OQM3x-HY2dM
train	68790	https://www.youtube.com/watch?v=PfobLrBH5G8
train	68794	https://www.youtube.com/watch?v=pi_BA9L-UNk
train	68842	https://www.youtube.com/watch?v=QPiZO8Aswgo
train	68856	https://www.youtube.com/watch?v=rDAGt54vEsI
train	68870	https://www.youtube.com/watch?v=RVnoNW53qFU
train	68890	https://www.youtube.com/watch?v=SQUHKsHMUiw
train	68928	https://www.youtube.com/watch?v=u7GIbrpxyFU
train	68974	https://www.youtube.com/watch?v=VSBIqNFEQxI
train	68988	https://www.youtube.com/watch?v=w6ZfGv4ns64
train	68992	https://www.youtube.com/watch?v=w9jgHLG_4ow
train	69004	https://www.youtube.com/watch?v=Wny0hRLOETg
train	69016	https://www.youtube.com/watch?v=x3GJ5mFOpNA
train	69028	https://www.youtube.com/watch?v=--Xi-n0DgBU
train	69048	https://www.youtube.com/watch?v=y8Rm0Q7fDYk
train	69054	https://www.youtube.com/watch?v=YEFd7zsUNXU
train	69068	https://www.youtube.com/watch?v=Yp5z7Px_aV8
train	69086	https://www.youtube.com/watch?v=zOzgRJ3bAdI
train	69092	https://www.youtube.com/watch?v=ZxOqr6aCVLc
val	01999	https://www.youtube.com/watch?v=k3c4uVHBFR4
val	05236	https://www.handspeak.com/word/b/basketball-hs5.mp4
val	05643	http://www.aslpro.com/main/b/bed.swf
val	05736	https://www.handspeak.com/word/b/before.mp4
val	05737	https://www.handspeak.com/word/b/before-past.mp4
val	06362	https://www.handspeak.com/word/b/birthday.mp4
val	06843	https://www.youtube.com/watch?v=Xi6L8dzG8YQ
val	07083	http://www.aslpro.com/main/b/book_chemistry.swf
val	07094	http://www.aslpro.com/main/b/book_photography.swf
val	07096	http://www.aslpro.com/main/b/book_spelling.swf
val	07098	http://www.aslpro.com/main/b/book_trigonometry.swf
val	07403	http://www.aslpro.com//main/b/bowling.swf
val	07964	https://www.handspeak.com/word/b/brown.mp4
val	08922	https://www.handspeak.com/word/c/candy-sweet.mp4
val	09862	http://www.aslpro.com//main/c/chair_recliner.swf
val	11319	http://www.aslpro.com//main/c/clothes_fall.swf
val	11325	http://www.aslpro.com//main/c/clothes_spring.swf
val	13159	https://www.handspeak.com/word/c/cook.mp4
val	13207	https://www.handspeak.com/word/c/cool-weather.mp4
val	13335	http://www.aslpro.com/main/c/corn_a.swf
val	13336	http://www.aslpro.com/main/c/corn_b.swf
val	13639	https://www.handspeak.com/word/c/cousin.mp4
val	14632	http://www.aslpro.com/main/d/dance.swf
val	14683	https://www.youtube.com/watch?v=eWiJm1rz0Fk
val	14891	https://www.handspeak.com/word/d/deaf.mp4
val	14901	http://www.aslpro.com/main/d/deaf_1.swf
val	17096	http://www.aslpro.com/main/d/dog.swf
val	21946	https://www.handspeak.com/word/f/finish2.mp4
val	24642	https://www.handspeak.com/word/g/give2.mp4
val	24948	https://www.handspeak.com/word/g/go.mp4
val	27219	https://www.youtube.com/watch?v=RStYX5OXPjE
val	27220	http://www.aslpro.com/main/h/help.swf
val	28206	https://www.handspeak.com/word/h/how-1913.mp4
val	30841	https://www.youtube.com/watch?v=5E38gLsXn3E
val	33271	https://www.handspeak.com/word/l/like.mp4
val	34828	https://www.handspeak.com/word/m/many2.mp4
val	35457	https://www.handspeak.com/word/m/medicine.mp4
val	35466	http://www.aslpro.com/main/m/medicine_taking.swf
val	36934	https://www.handspeak.com/word/m/mother2.mp4
val	36945	http://www.aslpro.com/main/m/mother.swf
val	41031	https://www.handspeak.com/word/p/paper.mp4
val	42841	https://www.youtube.com/watch?v=TLsGey9Cd7A
val	42976	http://www.aslpro.com/main/p/pizza.swf
val	43176	https://www.youtube.com/watch?v=Ui8rn2gM1ZE
val	43178	http://www.aslpro.com/main/p/play_theater.swf
val	45270	https://www.youtube.com/watch?v=v_raVhhnAIE
val	45441	https://www.youtube.com/watch?v=zW5FrLEDRiM
val	48112	https://www.handspeak.com/word/r/right-dir.mp4
val	48123	http://www.aslpro.com/main/r/right_direction.swf
val	49187	http://www.aslpro.com/main/s/same.swf
val	50051	http://www.aslpro.com/main/s/secretary.swf
val	51230	https://www.handspeak.com/word/s/short-soon.mp4
val	56578	http://www.aslpro.com//main/t/table_vanity.swf
val	56845	https://www.handspeak.com/word/t/tall.mp4
val	57290	http://www.aslpro.com/main/t/tell.swf
val	57945	https://www.handspeak.com/word/t/thin.mp4
val	58507	http://www.aslpro.com/main/t/time.swf
val	63213	http://www.aslpro.com/main/w/white.swf
val	63234	https://www.handspeak.com/word/w/who-old.mp4
val	64216	https://www.handspeak.com/word/y/year.mp4
val	64298	https://www.youtube.com/watch?v=wc2A8AZepy4
val	67010	https://youtu.be/hlVM_zS_dzw
val	67170	https://youtu.be/A_rNr7i1uAs
val	67342	https://youtu.be/l5KxrD1W7oQ
val	67400	https://youtu.be/Rl52rS9gxSU
val	67420	https://youtu.be/b_4KkOWYXIU
val	67465	https://youtu.be/XKsE3bqirCc
val	67468	https://youtu.be/kymMYu5qPhY
val	67483	https://youtu.be/K47c4lIJQvI
val	67490	https://youtu.be/U2Nf3gOSPhg
val	67514	https://youtu.be/7Do9s2qJpeA
val	67550	https://youtu.be/vrAcHSfVt88
val	67611	https://youtu.be/QkTP_AyKk_k
val	67642	https://youtu.be/Yuif86dOrEY
val	67667	https://youtu.be/61B8V3YHlqg
val	67745	https://youtu.be/YZyaVHlqsvY
val	67750	https://youtu.be/eQlq7VX7VSg
val	67826	https://youtu.be/HV_8ELVFXzU
val	67827	https://youtu.be/ZS5lDC1yMSo
val	67872	https://youtu.be/T2R4utmVagc
val	67886	https://youtu.be/W4FXyEWBu4I
val	68230	https://www.youtube.com/watch?v=2YRASxmXLD0
val	68344	https://www.youtube.com/watch?v=aYMV4_YuPi8
val	68398	https://www.youtube.com/watch?v=cx14s_gt60I
val	68406	https://www.youtube.com/watch?v=Dd95RFhtSs4
val	68416	https://www.youtube.com/watch?v=DnDbjT1fq8I
val	68428	https://www.youtube.com/watch?v=edaot0Pm6NI
val	68538	https://www.youtube.com/watch?v=HZMTQJdBZ9g
val	68764	https://www.youtube.com/watch?v=OgcjUatW9LA
val	68852	https://www.youtube.com/watch?v=r9Rten33zC8
val	68904	https://www.youtube.com/watch?v=TaeaJ9r1A5U
val	68918	https://www.youtube.com/watch?v=tRJ29Rh8pGg
val	68924	https://www.youtube.com/watch?v=TZ65f_6GglU
val	68954	https://www.youtube.com/watch?v=uVXtydfzLIo
val	68972	https://www.youtube.com/watch?v=VQMheRBg2Mw
